{"paths": {"admin/js/vendor/select2/i18n/af.js": "admin/js/vendor/select2/i18n/af.4f6fcd73488c.js", "admin/js/vendor/select2/i18n/ar.js": "admin/js/vendor/select2/i18n/ar.65aa8e36bf5d.js", "admin/js/vendor/select2/i18n/az.js": "admin/js/vendor/select2/i18n/az.270c257daf81.js", "admin/js/vendor/select2/i18n/bg.js": "admin/js/vendor/select2/i18n/bg.39b8be30d4f0.js", "admin/js/vendor/select2/i18n/bn.js": "admin/js/vendor/select2/i18n/bn.6d42b4dd5665.js", "admin/js/vendor/select2/i18n/bs.js": "admin/js/vendor/select2/i18n/bs.91624382358e.js", "admin/js/vendor/select2/i18n/ca.js": "admin/js/vendor/select2/i18n/ca.a166b745933a.js", "admin/js/vendor/select2/i18n/cs.js": "admin/js/vendor/select2/i18n/cs.4f43e8e7d33a.js", "admin/js/vendor/select2/i18n/da.js": "admin/js/vendor/select2/i18n/da.766346afe4dd.js", "admin/js/vendor/select2/i18n/de.js": "admin/js/vendor/select2/i18n/de.8a1c222b0204.js", "admin/js/vendor/select2/i18n/dsb.js": "admin/js/vendor/select2/i18n/dsb.56372c92d2f1.js", "admin/js/vendor/select2/i18n/el.js": "admin/js/vendor/select2/i18n/el.27097f071856.js", "admin/js/vendor/select2/i18n/en.js": "admin/js/vendor/select2/i18n/en.cf932ba09a98.js", "admin/js/vendor/select2/i18n/es.js": "admin/js/vendor/select2/i18n/es.66dbc2652fb1.js", "admin/js/vendor/select2/i18n/et.js": "admin/js/vendor/select2/i18n/et.2b96fd98289d.js", "admin/js/vendor/select2/i18n/eu.js": "admin/js/vendor/select2/i18n/eu.adfe5c97b72c.js", "admin/js/vendor/select2/i18n/fa.js": "admin/js/vendor/select2/i18n/fa.3b5bd1961cfd.js", "admin/js/vendor/select2/i18n/fi.js": "admin/js/vendor/select2/i18n/fi.614ec42aa9ba.js", "admin/js/vendor/select2/i18n/fr.js": "admin/js/vendor/select2/i18n/fr.05e0542fcfe6.js", "admin/js/vendor/select2/i18n/gl.js": "admin/js/vendor/select2/i18n/gl.d99b1fedaa86.js", "admin/js/vendor/select2/i18n/he.js": "admin/js/vendor/select2/i18n/he.e420ff6cd3ed.js", "admin/js/vendor/select2/i18n/hi.js": "admin/js/vendor/select2/i18n/hi.70640d41628f.js", "admin/js/vendor/select2/i18n/hr.js": "admin/js/vendor/select2/i18n/hr.a2b092cc1147.js", "admin/js/vendor/select2/i18n/hsb.js": "admin/js/vendor/select2/i18n/hsb.fa3b55265efe.js", "admin/js/vendor/select2/i18n/hu.js": "admin/js/vendor/select2/i18n/hu.6ec6039cb8a3.js", "admin/js/vendor/select2/i18n/hy.js": "admin/js/vendor/select2/i18n/hy.c7babaeef5a6.js", "admin/js/vendor/select2/i18n/id.js": "admin/js/vendor/select2/i18n/id.04debded514d.js", "admin/js/vendor/select2/i18n/is.js": "admin/js/vendor/select2/i18n/is.3ddd9a6a97e9.js", "admin/js/vendor/select2/i18n/it.js": "admin/js/vendor/select2/i18n/it.be4fe8d365b5.js", "admin/js/vendor/select2/i18n/ja.js": "admin/js/vendor/select2/i18n/ja.170ae885d74f.js", "admin/js/vendor/select2/i18n/ka.js": "admin/js/vendor/select2/i18n/ka.2083264a54f0.js", "admin/js/vendor/select2/i18n/km.js": "admin/js/vendor/select2/i18n/km.c23089cb06ca.js", "admin/js/vendor/select2/i18n/ko.js": "admin/js/vendor/select2/i18n/ko.e7be6c20e673.js", "admin/js/vendor/select2/i18n/lt.js": "admin/js/vendor/select2/i18n/lt.23c7ce903300.js", "admin/js/vendor/select2/i18n/lv.js": "admin/js/vendor/select2/i18n/lv.08e62128eac1.js", "admin/js/vendor/select2/i18n/mk.js": "admin/js/vendor/select2/i18n/mk.dabbb9087130.js", "admin/js/vendor/select2/i18n/ms.js": "admin/js/vendor/select2/i18n/ms.4ba82c9a51ce.js", "admin/js/vendor/select2/i18n/nb.js": "admin/js/vendor/select2/i18n/nb.da2fce143f27.js", "admin/js/vendor/select2/i18n/ne.js": "admin/js/vendor/select2/i18n/ne.3d79fd3f08db.js", "admin/js/vendor/select2/i18n/nl.js": "admin/js/vendor/select2/i18n/nl.997868a37ed8.js", "admin/js/vendor/select2/i18n/pl.js": "admin/js/vendor/select2/i18n/pl.6031b4f16452.js", "admin/js/vendor/select2/i18n/ps.js": "admin/js/vendor/select2/i18n/ps.38dfa47af9e0.js", "admin/js/vendor/select2/i18n/pt-BR.js": "admin/js/vendor/select2/i18n/pt-BR.e1b294433e7f.js", "admin/js/vendor/select2/i18n/pt.js": "admin/js/vendor/select2/i18n/pt.33b4a3b44d43.js", "admin/js/vendor/select2/i18n/ro.js": "admin/js/vendor/select2/i18n/ro.f75cb460ec3b.js", "admin/js/vendor/select2/i18n/ru.js": "admin/js/vendor/select2/i18n/ru.934aa95f5b5f.js", "admin/js/vendor/select2/i18n/sk.js": "admin/js/vendor/select2/i18n/sk.33d02cef8d11.js", "admin/js/vendor/select2/i18n/sl.js": "admin/js/vendor/select2/i18n/sl.131a78bc0752.js", "admin/js/vendor/select2/i18n/sq.js": "admin/js/vendor/select2/i18n/sq.5636b60d29c9.js", "admin/js/vendor/select2/i18n/sr-Cyrl.js": "admin/js/vendor/select2/i18n/sr-Cyrl.f254bb8c4c7c.js", "admin/js/vendor/select2/i18n/sr.js": "admin/js/vendor/select2/i18n/sr.5ed85a48f483.js", "admin/js/vendor/select2/i18n/sv.js": "admin/js/vendor/select2/i18n/sv.7a9c2f71e777.js", "admin/js/vendor/select2/i18n/th.js": "admin/js/vendor/select2/i18n/th.f38c20b0221b.js", "admin/js/vendor/select2/i18n/tk.js": "admin/js/vendor/select2/i18n/tk.7c572a68c78f.js", "admin/js/vendor/select2/i18n/tr.js": "admin/js/vendor/select2/i18n/tr.b5a0643d1545.js", "admin/js/vendor/select2/i18n/uk.js": "admin/js/vendor/select2/i18n/uk.8cede7f4803c.js", "admin/js/vendor/select2/i18n/vi.js": "admin/js/vendor/select2/i18n/vi.097a5b75b3e1.js", "admin/js/vendor/select2/i18n/zh-CN.js": "admin/js/vendor/select2/i18n/zh-CN.2cff662ec5f9.js", "admin/js/vendor/select2/i18n/zh-TW.js": "admin/js/vendor/select2/i18n/zh-TW.04554a227c2b.js", "admin/css/vendor/select2/LICENSE-SELECT2.md": "admin\\css\\vendor\\select2\\LICENSE-SELECT2.f94142512c91.md", "admin/css/vendor/select2/select2.css": "admin/css/vendor/select2/select2.a2194c262648.css", "admin/css/vendor/select2/select2.min.css": "admin/css/vendor/select2/select2.min.9f54e6414f87.css", "admin/js/vendor/jquery/jquery.js": "admin/js/vendor/jquery/jquery.12e87d2f3a4c.js", "admin/js/vendor/jquery/jquery.min.js": "admin/js/vendor/jquery/jquery.min.2c872dbe60f4.js", "admin/js/vendor/jquery/LICENSE.txt": "admin\\js\\vendor\\jquery\\LICENSE.de877aa6d744.txt", "admin/js/vendor/select2/LICENSE.md": "admin\\js\\vendor\\select2\\LICENSE.f94142512c91.md", "admin/js/vendor/select2/select2.full.js": "admin/js/vendor/select2/select2.full.c2afdeda3058.js", "admin/js/vendor/select2/select2.full.min.js": "admin/js/vendor/select2/select2.full.min.fcd7500d8e13.js", "admin/js/vendor/xregexp/LICENSE.txt": "admin\\js\\vendor\\xregexp\\LICENSE.b6fd2ceea8d3.txt", "admin/js/vendor/xregexp/xregexp.js": "admin/js/vendor/xregexp/xregexp.a7e08b0ce686.js", "admin/js/vendor/xregexp/xregexp.min.js": "admin/js/vendor/xregexp/xregexp.min.f1ae4617847c.js", "jazzmin/plugins/bootstrap-show-modal/bootstrap-show-modal.min.js": "jazzmin/plugins/bootstrap-show-modal/bootstrap-show-modal.min.ccb42b054814.js", "vendor/adminlte/css/adminlte.min.css": "vendor/adminlte/css/adminlte.min.37aa1bb734e4.css", "vendor/adminlte/css/adminlte.min.css.map": "vendor\\adminlte\\css\\adminlte.min.css.913b65a84402.map", "vendor/adminlte/img/AdminLTELogo.png": "vendor\\adminlte\\img\\AdminLTELogo.ca1dcf584d75.png", "vendor/adminlte/img/icons.png": "vendor\\adminlte\\img\\icons.cd1c5909cd09.png", "vendor/adminlte/img/user2-160x160.jpg": "vendor\\adminlte\\img\\user2-160x160.abda1de5001b.jpg", "vendor/adminlte/js/adminlte.min.js": "vendor/adminlte/js/adminlte.min.f3266ba33fca.js", "vendor/adminlte/js/adminlte.min.js.map": "vendor\\adminlte\\js\\adminlte.min.js.6bffd73625d6.map", "vendor/bootstrap/js/bootstrap.min.js": "vendor/bootstrap/js/bootstrap.min.9dcd9b21766b.js", "vendor/bootstrap/js/bootstrap.min.js.map": "vendor\\bootstrap\\js\\bootstrap.min.js.88b1b3454b97.map", "vendor/bootswatch/cerulean/bootstrap.min.css": "vendor/bootswatch/cerulean/bootstrap.min.3c8c23470f53.css", "vendor/bootswatch/cosmo/bootstrap.min.css": "vendor/bootswatch/cosmo/bootstrap.min.039ad78474a5.css", "vendor/bootswatch/cyborg/bootstrap.min.css": "vendor/bootswatch/cyborg/bootstrap.min.ce3f719cb63e.css", "vendor/bootswatch/darkly/bootstrap.min.css": "vendor/bootswatch/darkly/bootstrap.min.7c535026a93a.css", "vendor/bootswatch/default/bootstrap.min.css": "vendor/bootswatch/default/bootstrap.min.2d99d80ebf64.css", "vendor/bootswatch/flatly/bootstrap.min.css": "vendor/bootswatch/flatly/bootstrap.min.41d7fde23c9d.css", "vendor/bootswatch/journal/bootstrap.min.css": "vendor/bootswatch/journal/bootstrap.min.b9da48eb0f1d.css", "vendor/bootswatch/litera/bootstrap.min.css": "vendor/bootswatch/litera/bootstrap.min.3f3f2f85980d.css", "vendor/bootswatch/lumen/bootstrap.min.css": "vendor/bootswatch/lumen/bootstrap.min.c7dc4dd8e294.css", "vendor/bootswatch/lux/bootstrap.min.css": "vendor/bootswatch/lux/bootstrap.min.8de413fffc37.css", "vendor/bootswatch/materia/bootstrap.min.css": "vendor/bootswatch/materia/bootstrap.min.9a68e649ed05.css", "vendor/bootswatch/minty/bootstrap.min.css": "vendor/bootswatch/minty/bootstrap.min.b239dbb9e5e6.css", "vendor/bootswatch/pulse/bootstrap.min.css": "vendor/bootswatch/pulse/bootstrap.min.f9c9fa299f5e.css", "vendor/bootswatch/sandstone/bootstrap.min.css": "vendor/bootswatch/sandstone/bootstrap.min.7d1f1c61d89e.css", "vendor/bootswatch/simplex/bootstrap.min.css": "vendor/bootswatch/simplex/bootstrap.min.9e236a0b5e00.css", "vendor/bootswatch/sketchy/bootstrap.min.css": "vendor/bootswatch/sketchy/bootstrap.min.88c6e4095583.css", "vendor/bootswatch/slate/bootstrap.min.css": "vendor/bootswatch/slate/bootstrap.min.ae15f595b05c.css", "vendor/bootswatch/solar/bootstrap.min.css": "vendor/bootswatch/solar/bootstrap.min.198ef0d13070.css", "vendor/bootswatch/spacelab/bootstrap.min.css": "vendor/bootswatch/spacelab/bootstrap.min.e97aa0d03017.css", "vendor/bootswatch/superhero/bootstrap.min.css": "vendor/bootswatch/superhero/bootstrap.min.6f5599014a4d.css", "vendor/bootswatch/united/bootstrap.min.css": "vendor/bootswatch/united/bootstrap.min.4aac1238791f.css", "vendor/bootswatch/yeti/bootstrap.min.css": "vendor/bootswatch/yeti/bootstrap.min.18b640625a6a.css", "vendor/fontawesome-free/css/all.min.css": "vendor/fontawesome-free/css/all.min.b7739c263f52.css", "vendor/fontawesome-free/webfonts/fa-brands-400.eot": "vendor/fontawesome-free/webfonts/fa-brands-400.30cc681d4487.eot", "vendor/fontawesome-free/webfonts/fa-brands-400.svg": "vendor/fontawesome-free/webfonts/fa-brands-400.ba7ed552362f.svg", "vendor/fontawesome-free/webfonts/fa-brands-400.ttf": "vendor/fontawesome-free/webfonts/fa-brands-400.3b89dd103490.ttf", "vendor/fontawesome-free/webfonts/fa-brands-400.woff": "vendor/fontawesome-free/webfonts/fa-brands-400.099a9556e1a6.woff", "vendor/fontawesome-free/webfonts/fa-brands-400.woff2": "vendor/fontawesome-free/webfonts/fa-brands-400.f7307680c7fe.woff2", "vendor/fontawesome-free/webfonts/fa-regular-400.eot": "vendor/fontawesome-free/webfonts/fa-regular-400.7630483dd4b0.eot", "vendor/fontawesome-free/webfonts/fa-regular-400.svg": "vendor/fontawesome-free/webfonts/fa-regular-400.0bb428459c8e.svg", "vendor/fontawesome-free/webfonts/fa-regular-400.ttf": "vendor/fontawesome-free/webfonts/fa-regular-400.1f77739ca9ff.ttf", "vendor/fontawesome-free/webfonts/fa-regular-400.woff": "vendor/fontawesome-free/webfonts/fa-regular-400.7124eb50fc82.woff", "vendor/fontawesome-free/webfonts/fa-regular-400.woff2": "vendor/fontawesome-free/webfonts/fa-regular-400.f0f823011699.woff2", "vendor/fontawesome-free/webfonts/fa-solid-900.eot": "vendor/fontawesome-free/webfonts/fa-solid-900.1042e8ca1ce8.eot", "vendor/fontawesome-free/webfonts/fa-solid-900.svg": "vendor/fontawesome-free/webfonts/fa-solid-900.376c1f97f655.svg", "vendor/fontawesome-free/webfonts/fa-solid-900.ttf": "vendor/fontawesome-free/webfonts/fa-solid-900.605ed7926cf3.ttf", "vendor/fontawesome-free/webfonts/fa-solid-900.woff": "vendor/fontawesome-free/webfonts/fa-solid-900.9fe5a17c8ab0.woff", "vendor/fontawesome-free/webfonts/fa-solid-900.woff2": "vendor/fontawesome-free/webfonts/fa-solid-900.e8a427e15cc5.woff2", "vendor/select2/css/select2.min.css": "vendor/select2/css/select2.min.e71c39430469.css", "vendor/select2/js/select2.min.js": "vendor/select2/js/select2.min.3e6e33cd306b.js", "admin/img/gis/move_vertex_off.svg": "admin/img/gis/move_vertex_off.7a23bf31ef8a.svg", "admin/img/gis/move_vertex_on.svg": "admin/img/gis/move_vertex_on.0047eba25b67.svg", "admin/js/admin/DateTimeShortcuts.js": "admin/js/admin/DateTimeShortcuts.9f6e209cebca.js", "admin/js/admin/RelatedObjectLookups.js": "admin/js/admin/RelatedObjectLookups.ef211845e458.js", "admin/js/cancel.js": "admin/js/cancel.8367e564ac40.js", "admin/js/popup_response.js": "admin/js/popup_response.e61c592f3035.js", "jazzmin/css/main.css": "jazzmin/css/main.cf2fffa061df.css", "jazzmin/img/calendar-icons.svg": "jazzmin/img/calendar-icons.39b290681a8b.svg", "jazzmin/img/default-log.svg": "jazzmin/img/default-log.5f716e688936.svg", "jazzmin/img/default.jpg": "jazzmin/img/default.eafc49f5f1b4.jpg", "jazzmin/img/icon-calendar.svg": "jazzmin/img/icon-calendar.ac7aea671bea.svg", "jazzmin/img/icon-changelink.svg": "jazzmin/img/icon-changelink.18d2fd706348.svg", "jazzmin/img/selector-icons.svg": "jazzmin/img/selector-icons.b4555096cea2.svg", "jazzmin/js/change_form.js": "jazzmin/js/change_form.eceb0685ea6b.js", "jazzmin/js/change_list.js": "jazzmin/js/change_list.2eae2b0ceeb1.js", "jazzmin/js/main.js": "jazzmin/js/main.6e1d05b7124e.js", "jazzmin/js/related-modal.js": "jazzmin/js/related-modal.de3109c39eaf.js", "jazzmin/js/ui-builder.js": "jazzmin/js/ui-builder.aceb68a42987.js", "admin/css/autocomplete.css": "admin/css/autocomplete.4a81fc4242d0.css", "admin/css/base.css": "admin/css/base.9f65b5cd54b3.css", "admin/css/changelists.css": "admin/css/changelists.47cb433b29d4.css", "admin/css/dark_mode.css": "admin/css/dark_mode.e18e9a052429.css", "admin/css/dashboard.css": "admin/css/dashboard.e90f2068217b.css", "admin/css/forms.css": "admin/css/forms.b29a0c8c9155.css", "admin/css/login.css": "admin/css/login.586129c60a93.css", "admin/css/nav_sidebar.css": "admin/css/nav_sidebar.dd925738f4cc.css", "admin/css/responsive.css": "admin/css/responsive.eafb93ff084c.css", "admin/css/responsive_rtl.css": "admin/css/responsive_rtl.7d1130848605.css", "admin/css/rtl.css": "admin/css/rtl.aa92d763340b.css", "admin/css/widgets.css": "admin/css/widgets.8a70ea6d8850.css", "admin/img/calendar-icons.svg": "admin/img/calendar-icons.39b290681a8b.svg", "admin/img/icon-addlink.svg": "admin/img/icon-addlink.d519b3bab011.svg", "admin/img/icon-alert.svg": "admin/img/icon-alert.034cc7d8a67f.svg", "admin/img/icon-calendar.svg": "admin/img/icon-calendar.ac7aea671bea.svg", "admin/img/icon-changelink.svg": "admin/img/icon-changelink.18d2fd706348.svg", "admin/img/icon-clock.svg": "admin/img/icon-clock.e1d4dfac3f2b.svg", "admin/img/icon-deletelink.svg": "admin/img/icon-deletelink.564ef9dc3854.svg", "admin/img/icon-hidelink.svg": "admin/img/icon-hidelink.8d245a995e18.svg", "admin/img/icon-no.svg": "admin/img/icon-no.439e821418cd.svg", "admin/img/icon-unknown-alt.svg": "admin/img/icon-unknown-alt.81536e128bb6.svg", "admin/img/icon-unknown.svg": "admin/img/icon-unknown.a18cb4398978.svg", "admin/img/icon-viewlink.svg": "admin/img/icon-viewlink.41eb31f7826e.svg", "admin/img/icon-yes.svg": "admin/img/icon-yes.d2f9f035226a.svg", "admin/img/inline-delete.svg": "admin/img/inline-delete.fec1b761f254.svg", "admin/img/LICENSE": "admin/img/LICENSE.2c54f4e1ca1c", "admin/img/README.txt": "admin/img/README.a70711a38d87.txt", "admin/img/search.svg": "admin/img/search.7cf54ff789c6.svg", "admin/img/selector-icons.svg": "admin/img/selector-icons.b4555096cea2.svg", "admin/img/sorting-icons.svg": "admin/img/sorting-icons.3a097b59f104.svg", "admin/img/tooltag-add.svg": "admin/img/tooltag-add.e59d620a9742.svg", "admin/img/tooltag-arrowright.svg": "admin/img/tooltag-arrowright.bbfb788a849e.svg", "admin/js/actions.js": "admin/js/actions.867b023a736d.js", "admin/js/autocomplete.js": "admin/js/autocomplete.01591ab27be7.js", "admin/js/calendar.js": "admin/js/calendar.d64496bbf46d.js", "admin/js/change_form.js": "admin/js/change_form.9d8ca4f96b75.js", "admin/js/collapse.js": "admin/js/collapse.f84e7410290f.js", "admin/js/core.js": "admin/js/core.7e257fdf56dc.js", "admin/js/filters.js": "admin/js/filters.0e360b7a9f80.js", "admin/js/inlines.js": "admin/js/inlines.22d4d93c00b4.js", "admin/js/jquery.init.js": "admin/js/jquery.init.b7781a0897fc.js", "admin/js/nav_sidebar.js": "admin/js/nav_sidebar.3b9190d420b1.js", "admin/js/prepopulate.js": "admin/js/prepopulate.bd2361dfd64d.js", "admin/js/prepopulate_init.js": "admin/js/prepopulate_init.6cac7f3105b8.js", "admin/js/SelectBox.js": "admin/js/SelectBox.7d3ce5a98007.js", "admin/js/SelectFilter2.js": "admin/js/SelectFilter2.b8cf7343ff9e.js", "admin/js/theme.js": "admin/js/theme.ab270f56bb9c.js", "admin/js/urlify.js": "admin/js/urlify.ae970a820212.js", "css/styles.css": "css/styles.32b7d67d201d.css", "images/1.jpg": "images/1.994a6d6d38ea.jpg", "images/2.jpg": "images/2.9a88ef8e4cec.jpg", "images/aseo.JPG": "images/aseo.74cf3bc751e6.JPG", "images/b1.jpg": "images/b1.45e0f468cf74.jpg", "images/b2.jpg": "images/b2.a90f90a5f899.jpg", "images/b3.jpg": "images/b3.944ebfef91bf.jpg", "images/b4.jpg": "images/b4.98c365582858.jpg", "images/b5.jpg": "images/b5.de9c4d677f32.jpg", "images/cafe.JPG": "images/cafe.fc79a7065bf1.JPG", "images/despacho.jpg": "images/despacho.c79dd66e0c22.jpg", "images/IMAGEN-NO-DISPONIBLE.jpg": "images/IMAGEN-NO-DISPONIBLE.7c99d9cd1232.jpg", "images/img1.jpg": "images/img1.963af13e839c.jpg", "images/img2.jpg": "images/img2.37694d00049f.jpg", "images/img3.jpg": "images/img3.50be6f6a3aa6.jpg", "images/img4.jpg": "images/img4.5b3ebda52c4a.jpg", "images/img5.jpg": "images/img5.46d0ea21f3b6.jpg", "images/impresos.JPG": "images/impresos.d2e61fff06fb.JPG", "images/logo.jpeg": "images/logo.c5bec540771e.jpeg", "images/muebles.JPG": "images/muebles.e6d6ed7777fe.JPG", "images/operacion.jpg": "images/operacion.2f06305e61dc.jpg", "images/papeleria.JPG": "images/papeleria.880b54d2d8f5.JPG", "images/Productos.jpg": "images/Productos.dfb5670df309.jpg", "images/s1.jpg": "images/s1.eac704442ebc.jpg", "images/s2.jpg": "images/s2.df8d5efc9ce2.jpg", "images/s3.jpg": "images/s3.85eb6a193f1c.jpg", "images/s4.jpg": "images/s4.7e1a6219dd7f.jpg", "images/s5.jpg": "images/s5.349500f31ed0.jpg", "images/toner.JPG": "images/toner.9e1acc6bd020.JPG", "js/carousel.js": "js/carousel.ab1759382cbf.js", "import_export/action_formats.js": "import_export/action_formats.11c3e817b80a.js", "import_export/guess_format.js": "import_export/guess_format.1e929842623e.js", "import_export/import.css": "import_export/import.f3b70b0d21bb.css"}, "version": "1.1", "hash": "c7f40150db46"}